P_Username,P_Password,P_Lastname
Testuser,Test@123,01
Testuser,Test@123,02
Testuser,Test@123,03
Testuser,Test@123,04
Testuser,Test@123,05
Testuser,Test@123,06
Testuser,Test@123,07
Testuser,Test@123,08
Testuser,Test@123,09
Testuser,Test@123,10
Testuser,Test@123,11
Testuser,Test@123,12
Testuser,Test@123,13
Testuser,Test@123,14
Testuser,Test@123,15
Testuser,Test@123,16
Testuser,Test@123,17
Testuser,Test@123,18
Testuser,Test@123,19
Testuser,Test@123,20
Testuser,Test@123,21
Testuser,Test@123,22
Testuser,Test@123,23
Testuser,Test@123,24
Testuser,Test@123,25
Testuser,Test@123,26
Testuser,Test@123,27
Testuser,Test@123,28
Testuser,Test@123,29
Testuser,Test@123,30
Testuser,Test@123,31
Testuser,Test@123,32
Testuser,Test@123,33
Testuser,Test@123,34
Testuser,Test@123,35
Testuser,Test@123,36
Testuser,Test@123,37
Testuser,Test@123,38
Testuser,Test@123,39
Testuser,Test@123,40
Testuser,Test@123,41
Testuser,Test@123,42
Testuser,Test@123,43
Testuser,Test@123,44
Testuser,Test@123,45
Testuser,Test@123,46
Testuser,Test@123,47
Testuser,Test@123,48
Testuser,Test@123,49
Testuser,Test@123,50
Testuser,Test@123,51
Testuser,Test@123,52
Testuser,Test@123,53
Testuser,Test@123,54
Testuser,Test@123,55
Testuser,Test@123,56
Testuser,Test@123,57
Testuser,Test@123,58
Testuser,Test@123,59
Testuser,Test@123,60
Testuser,Test@123,61
Testuser,Test@123,62
Testuser,Test@123,63
Testuser,Test@123,64
Testuser,Test@123,65
Testuser,Test@123,66
Testuser,Test@123,67
Testuser,Test@123,68
Testuser,Test@123,69
Testuser,Test@123,70
Testuser,Test@123,71
Testuser,Test@123,72
Testuser,Test@123,73
Testuser,Test@123,74
Testuser,Test@123,75
Testuser,Test@123,76
Testuser,Test@123,77
Testuser,Test@123,78
Testuser,Test@123,79
Testuser,Test@123,80
Testuser,Test@123,81
Testuser,Test@123,82
Testuser,Test@123,83
Testuser,Test@123,84
Testuser,Test@123,85
Testuser,Test@123,86
Testuser,Test@123,87
Testuser,Test@123,88
Testuser,Test@123,89
Testuser,Test@123,90
Testuser,Test@123,91
Testuser,Test@123,92
Testuser,Test@123,93
Testuser,Test@123,94
Testuser,Test@123,95
Testuser,Test@123,96
Testuser,Test@123,97
Testuser,Test@123,98
Testuser,Test@123,99
